ClientKeyword,Priority
Salt & Stone Inc,1
"Lifewave, Inc.",1
AMZ - SILVERTS,1
Henson Shaving Inc,1
Heat Trak LLC,1
AMZ - Saltyface Natural Inc,1
The Care Principle,1
PARAPHRASE PERFUME,1
Lucky Iron Fish,1
AMZ-Fuel_Consulting_Group_Inc.,1
AMZ - FORWARD EDU,1
Hawk Nest Hammocks,2
MARKLYN GROUP INC.,1
"Strikeman USA, Inc.",1
AMZ - Eight Sleep,1
AMZ - GKHAIR LLC,1
Visage Cosmetics Limited,1
AMZ - SPREETAIL,1
Imarais Beauty O/A Adli Gummies Inc.,2
ANS Performance,1
Rainbo Health Foods Ltd.,2
AMZ - Pharmacopia Inc,2
MIRION TECHNOLOGIES,2
ShoppingAll Inc.,2
BEVINE INC,2
AMZ - Innovative Salon Product (ISP),2
APC Commerce LLC,2
Blacksaw Inc,2
Nu-Look Fashions,2
2674826 Ontario Inc. O/A Moose and Panda/ Gabion Canada,2
Aaron O'Bryan Inc.,3
"Tako Innovations, S.L.",3
Shot Scope Technologies Ltd.,3
NAT4LIFE AMERICA INC.,3
COSMO TOOLS CORP,3
Primed Medical Products Inc.,3
OUDLUX,3
Brand With A Heart,3
Red Light Holland,3
"AMZ - LANDZIE, LLC",3
Mypurmist,3
Andor Willow,3
"TFL SPORTS, LLC",4
AMZ - JAN AND JUL,4
SALAM SUDDUF,4
Globalstar,4
ROTIWARE LTD,4
AMZ - FOUR REASONS USA,4
TOJA GRID INC,4
AMZ - Fraser Group Inc,4
The Sporing Company,4
AMZ - Zafferano America,4
AMZ - Views Balcony Inc.,4
Body Restore LLC,4
Pillar Mount Ltd.,4
Cliff Pets,4
BRIGA BITES INC.,4
FlowerÂ ShopÂ Perfumes Co.,4
RAINBO HEALTH FOODS LTD. - USA,4
Imana Health Inc.,4
The Muslim Moon,4
Vital Health Supplies,4
Ally Brands,4
AMZ - Wabilogic,4
NUAGE,4
AMZ - Recontour : Best Knight Games,4
AMZ - Recontour,4
BioNeutra North America Inc.,4
ADNOOR INC.,4
BUILD & BOND INC.,4
AMZ - ATV Global,4
AMZ - Branded,4
ADNOOR INC. - LAZEEZ,4
EMES COMMERCE INC.,4
AMZ - World Products,4
MANAKEY GROUP LLC,4
TERRAMAX LOGISTICS,4
JD Sports,4
AMZ - Unybrands LLC : Invigorated Water,4
THAIFOON GROUP,4
GEMS SAMPLING,4
AMZ - WOOF PET INC.,4
AMZ - Heroes Technology Ltd : Onco O/A Heroes Technology Ltd,4
A&L DISTRIBUTING,4
AMZ - VAHDAM CANADA,4
Willson International - Atare Foods,4
Inversal Inc.,4
STORK AND DOVE NATURAL FOODS Inc,4
AMZ - Unybrands LLC - SparkPod,4
AMZ - SCS Direct,4
RND INTERNATIONAL LLC,4
AMZ - Heroes Technology Ltd : KG Physio O/A Heroes Technology Ltd,4
AMZ - EXCELLIGENCE LEARNING CORP,4
IGENNUS HEALTHCARE NUTRITION,4
ADNOOR INC. - SHELBY,4
AMZ - Heroes Technology Ltd : Boba,4
VULTURIS LLC,4
AMZ - UNYBRANDS LLC - MIGHTY PAW,4
Willson International - ANB Canada,4
AMZ - Unybrands LLC : Zoey Supplies,4
AMBOO GREEN BUILDING MATERIALS (AGBM),4
AMZ - STARFOIL INC.,4
AMZ - HumanCentric,4
AMZ - COR SURF,4
Tielman North America Ltd.,4
AMZ - Unybrands LLC : Max Power Planet,4
MBN GROUP LTD.,4
AMZ - InstaShoppers,4
TRU HEIGHT VITAMINS,1
AMZ - SPREETAIL,1
ACROPOLIS ORGANICS,1
